1,Id,ActivityDate,TotalSteps,TotalDistance,SedentaryMinutes,Calories
2,1503960366,4/12/2016,13162,8.5,728,1985
3,1503960366,4/13/2016,10735,6.96999979019165,776,1797
4,1503960366,4/14/2016,10460,6.73999977111816,1218,1776
5,1503960366,4/15/2016,9762,6.28000020980835,726,1745
6,1503960366,4/16/2016,12669,8.15999984741211,773,1863
7,1503960366,4/17/2016,9705,6.48000001907349,539,1728
8,1503960366,4/18/2016,13019,8.59000015258789,1149,1921
9,1503960366,4/19/2016,15506,9.88000011444092,775,2035
10,1503960366,4/20/2016,10544,6.67999982833862,818,1786
11,1503960366,4/21/2016,9819,6.34000015258789,838,1775
12,1503960366,4/22/2016,12764,8.13000011444092,1217,1827
13,1503960366,4/23/2016,14371,9.03999996185303,732,1949
14,1503960366,4/24/2016,10039,6.40999984741211,709,1788
15,1503960366,4/25/2016,15355,9.80000019073486,814,2013
16,1503960366,4/26/2016,13755,8.78999996185303,833,1970
17,1503960366,4/27/2016,18134,12.210000038147,1108,2159
18,1503960366,4/28/2016,13154,8.52999973297119,782,1898
19,1503960366,4/29/2016,11181,7.15000009536743,815,1837
20,1503960366,4/30/2016,14673,9.25,712,1947
21,1503960366,5/1/2016,10602,6.80999994277954,730,1820
22,1503960366,5/2/2016,14727,9.71000003814697,798,2004
23,1503960366,5/3/2016,15103,9.65999984741211,816,1990
24,1503960366,5/4/2016,11100,7.15000009536743,1179,1819
25,1503960366,5/5/2016,14070,8.89999961853027,857,1959
26,1503960366,5/6/2016,12159,8.02999973297119,754,1896
27,1503960366,5/7/2016,11992,7.71000003814697,833,1821
28,1503960366,5/8/2016,10060,6.57999992370605,574,1740
29,1503960366,5/9/2016,12022,7.71999979019165,835,1819
30,1503960366,5/10/2016,12207,7.76999998092651,746,1859
31,1503960366,5/11/2016,12770,8.13000011444092,669,1783
32,1503960366,5/12/2016,0,0,1440,0
33,1624580081,4/12/2016,8163,5.30999994277954,1294,1432
34,1624580081,4/13/2016,7007,4.55000019073486,1292,1411
35,1624580081,4/14/2016,9107,5.92000007629395,1204,1572
36,1624580081,4/15/2016,1510,0.980000019073486,1344,1344
37,1624580081,4/16/2016,5370,3.49000000953674,1264,1463
38,1624580081,4/17/2016,6175,4.05999994277954,1276,1554
39,1624580081,4/18/2016,10536,7.40999984741211,1214,1604
40,1624580081,4/19/2016,2916,1.89999997615814,1299,1435
41,1624580081,4/20/2016,4974,3.23000001907349,1289,1446
42,1624580081,4/21/2016,6349,4.13000011444092,1254,1467
43,1624580081,4/22/2016,4026,2.61999988555908,1241,1470
44,1624580081,4/23/2016,8538,5.55000019073486,1213,1562
45,1624580081,4/24/2016,6076,3.95000004768372,1221,1617
46,1624580081,4/25/2016,6497,4.21999979019165,1238,1492
47,1624580081,4/26/2016,2826,1.8400000333786,1300,1402
48,1624580081,4/27/2016,8367,5.44000005722046,1233,1670
49,1624580081,4/28/2016,2759,1.78999996185303,1320,1401
50,1624580081,4/29/2016,2390,1.54999995231628,1290,1404
51,1624580081,4/30/2016,6474,4.30000019073486,1182,1655
52,1624580081,5/1/2016,36019,28.0300006866455,1020,2690
53,1624580081,5/2/2016,7155,4.92999982833862,1261,1497
54,1624580081,5/3/2016,2100,1.37000000476837,1344,1334
55,1624580081,5/4/2016,2193,1.42999994754791,1322,1368
56,1624580081,5/5/2016,2470,1.61000001430511,1323,1370
57,1624580081,5/6/2016,1727,1.12000000476837,1338,1341
58,1624580081,5/7/2016,2104,1.37000000476837,1258,1474
59,1624580081,5/8/2016,3427,2.23000001907349,1288,1427
60,1624580081,5/9/2016,1732,1.12999999523163,1349,1328
61,1624580081,5/10/2016,2969,1.92999994754791,1301,1393
62,1624580081,5/11/2016,3134,2.03999996185303,1328,1359
63,1624580081,5/12/2016,2971,1.92999994754791,890,1002
64,1644430081,4/12/2016,10694,7.76999998092651,1131,3199
65,1644430081,4/13/2016,8001,5.82000017166138,1259,2902
66,1644430081,4/14/2016,11037,8.02000045776367,1125,3226
67,1644430081,4/15/2016,5263,3.82999992370605,1263,2750
68,1644430081,4/16/2016,15300,11.1199998855591,1135,3493
69,1644430081,4/17/2016,8757,6.36999988555908,1212,3011
70,1644430081,4/18/2016,7132,5.19000005722046,1271,2806
71,1644430081,4/19/2016,11256,8.18000030517578,1099,3300
72,1644430081,4/20/2016,2436,1.76999998092651,1315,2430
73,1644430081,4/21/2016,1223,0.889999985694885,1402,2140
74,1644430081,4/22/2016,3673,2.67000007629395,1354,2344
75,1644430081,4/23/2016,6637,4.82999992370605,1265,2677
76,1644430081,4/24/2016,3321,2.41000008583069,1351,2413
77,1644430081,4/25/2016,3580,2.59999990463257,1337,2497
78,1644430081,4/26/2016,9919,7.21000003814697,1165,3123
79,1644430081,4/27/2016,3032,2.20000004768372,1322,2489
80,1644430081,4/28/2016,9405,6.84000015258789,1157,3108
81,1644430081,4/29/2016,3176,2.30999994277954,1193,2498
82,1644430081,4/30/2016,18213,13.2399997711182,816,3846
83,1644430081,5/1/2016,6132,4.46000003814697,908,2696
84,1644430081,5/2/2016,3758,2.73000001907349,682,2580
85,1644430081,5/3/2016,12850,9.34000015258789,1115,3324
86,1644430081,5/4/2016,2309,1.67999994754791,1388,2222
87,1644430081,5/5/2016,4363,3.19000005722046,1341,2463
88,1644430081,5/6/2016,9787,7.11999988555908,1054,3328
89,1644430081,5/7/2016,13372,9.72000026702881,1139,3404
90,1644430081,5/8/2016,6724,4.8899998664856,991,2987
91,1644430081,5/9/2016,6643,4.82999992370605,1099,3008
92,1644430081,5/10/2016,9167,6.65999984741211,1254,2799
93,1644430081,5/11/2016,1329,0.970000028610229,713,1276
94,1844505072,4/12/2016,6697,4.42999982833862,1101,2030
95,1844505072,4/13/2016,4929,3.25999999046326,1192,1860
96,1844505072,4/14/2016,7937,5.25,843,2130
97,1844505072,4/15/2016,3844,2.53999996185303,527,1725
98,1844505072,4/16/2016,3414,2.25999999046326,1293,1657
99,1844505072,4/17/2016,4525,2.99000000953674,1231,1793
100,1844505072,4/18/2016,4597,3.03999996185303,1211,1814
101,1844505072,4/19/2016,197,0.129999995231628,1430,1366
102,1844505072,4/20/2016,8,0.00999999977648258,1439,1349
103,1844505072,4/21/2016,8054,5.32000017166138,1117,2062
104,1844505072,4/22/2016,5372,3.54999995231628,1220,1827
105,1844505072,4/23/2016,3570,2.35999989509583,1301,1645
106,1844505072,4/24/2016,0,0,1440,1347
107,1844505072,4/25/2016,0,0,1440,1347
108,1844505072,4/26/2016,0,0,1440,1347
109,1844505072,4/27/2016,4,0,1439,1348
110,1844505072,4/28/2016,6907,4.57000017166138,1138,1992
111,1844505072,4/29/2016,4920,3.25,1082,1856
112,1844505072,4/30/2016,4014,2.67000007629395,218,1763
113,1844505072,5/1/2016,2573,1.70000004768372,585,1541
114,1844505072,5/2/2016,0,0,1440,1348
115,1844505072,5/3/2016,4059,2.6800000667572,1256,1742
116,1844505072,5/4/2016,2080,1.37000000476837,1353,1549
117,1844505072,5/5/2016,2237,1.48000001907349,1320,1589
118,1844505072,5/6/2016,44,0.0299999993294477,1438,1351
119,1844505072,5/7/2016,0,0,1440,1347
120,1844505072,5/8/2016,0,0,1440,1347
121,1844505072,5/9/2016,0,0,1440,1347
122,1844505072,5/10/2016,0,0,1440,1347
123,1844505072,5/11/2016,0,0,1440,1347
124,1844505072,5/12/2016,0,0,711,665
125,1927972279,4/12/2016,678,0.469999998807907,734,2220
126,1927972279,4/13/2016,356,0.25,986,2151
127,1927972279,4/14/2016,2163,1.5,1292,2383
128,1927972279,4/15/2016,980,0.680000007152557,941,2221
129,1927972279,4/16/2016,0,0,1440,2064
130,1927972279,4/17/2016,0,0,1440,2063
131,1927972279,4/18/2016,244,0.170000001788139,1423,2111
132,1927972279,4/19/2016,0,0,1440,2063
133,1927972279,4/20/2016,0,0,1440,2063
134,1927972279,4/21/2016,0,0,1440,2064
135,1927972279,4/22/2016,149,0.100000001490116,1430,2093
136,1927972279,4/23/2016,2945,2.03999996185303,1295,2499
137,1927972279,4/24/2016,2090,1.45000004768372,1358,2324
138,1927972279,4/25/2016,152,0.109999999403954,1303,2100
139,1927972279,4/26/2016,3761,2.59999990463257,1058,2638
140,1927972279,4/27/2016,0,0,1440,2063
141,1927972279,4/28/2016,1675,1.1599999666214,1167,2351
142,1927972279,4/29/2016,0,0,1440,2063
143,1927972279,4/30/2016,0,0,1440,2064
144,1927972279,5/1/2016,2704,1.87000000476837,1355,2411
145,1927972279,5/2/2016,3790,2.61999988555908,1322,2505
146,1927972279,5/3/2016,1326,0.920000016689301,1413,2195
147,1927972279,5/4/2016,1786,1.24000000953674,1353,2338
148,1927972279,5/5/2016,0,0,1440,2063
149,1927972279,5/6/2016,2091,1.45000004768372,1332,2383
150,1927972279,5/7/2016,1510,1.03999996185303,1392,2229
151,1927972279,5/8/2016,0,0,1440,2063
152,1927972279,5/9/2016,0,0,1440,2063
153,1927972279,5/10/2016,0,0,1440,2063
154,1927972279,5/11/2016,0,0,1440,2063
155,1927972279,5/12/2016,0,0,966,1383
156,2022484408,4/12/2016,11875,8.34000015258789,1157,2390
157,2022484408,4/13/2016,12024,8.5,1100,2601
158,2022484408,4/14/2016,10690,7.5,1148,2312
159,2022484408,4/15/2016,11034,8.02999973297119,1122,2525
160,2022484408,4/16/2016,10100,7.09000015258789,1237,2177
161,2022484408,4/17/2016,15112,11.3999996185303,1052,2782
162,2022484408,4/18/2016,14131,10.0699996948242,1078,2770
163,2022484408,4/19/2016,11548,8.52999973297119,1152,2489
164,2022484408,4/20/2016,15112,10.6700000762939,1053,2897
165,2022484408,4/21/2016,12453,8.73999977111816,1028,3158
166,2022484408,4/22/2016,12954,9.32999992370605,1105,2638
167,2022484408,4/23/2016,6001,4.21000003814697,1191,2069
168,2022484408,4/24/2016,13481,10.2799997329712,1161,2529
169,2022484408,4/25/2016,11369,8.01000022888184,1171,2470
170,2022484408,4/26/2016,10119,7.19000005722046,1086,2793
171,2022484408,4/27/2016,10159,7.13000011444092,1119,2463
172,2022484408,4/28/2016,10140,7.11999988555908,1123,2296
173,2022484408,4/29/2016,10245,7.19000005722046,1098,2611
174,2022484408,4/30/2016,18387,12.9099998474121,1043,2732
175,2022484408,5/1/2016,10538,7.40000009536743,1142,2380
176,2022484408,5/2/2016,10379,7.28999996185303,1119,2473
177,2022484408,5/3/2016,12183,8.73999977111816,1104,2752
178,2022484408,5/4/2016,11768,8.28999996185303,1105,2649
179,2022484408,5/5/2016,11895,8.35000038146973,1112,2609
180,2022484408,5/6/2016,10227,7.17999982833862,1104,2498
181,2022484408,5/7/2016,6708,4.71000003814697,1269,1995
182,2022484408,5/8/2016,3292,2.30999994277954,1305,1848
183,2022484408,5/9/2016,13379,9.39000034332275,1061,2709
184,2022484408,5/10/2016,12798,8.97999954223633,1084,2797
185,2022484408,5/11/2016,13272,9.31999969482422,1133,2544
186,2022484408,5/12/2016,9117,6.40999984741211,728,1853
187,2026352035,4/12/2016,4414,2.74000000953674,706,1459
188,2026352035,4/13/2016,4993,3.09999990463257,663,1521
189,2026352035,4/14/2016,3335,2.0699999332428,653,1431
190,2026352035,4/15/2016,3821,2.36999988555908,687,1444
191,2026352035,4/16/2016,2547,1.58000004291534,728,1373
192,2026352035,4/17/2016,838,0.519999980926514,1053,1214
193,2026352035,4/18/2016,3325,2.05999994277954,1062,1419
194,2026352035,4/19/2016,2424,1.5,785,1356
195,2026352035,4/20/2016,7222,4.48000001907349,623,1667
196,2026352035,4/21/2016,2467,1.52999997138977,749,1370
197,2026352035,4/22/2016,2915,1.80999994277954,712,1399
198,2026352035,4/23/2016,12357,7.71000003814697,458,1916
199,2026352035,4/24/2016,3490,2.16000008583069,704,1401
200,2026352035,4/25/2016,6017,3.73000001907349,821,1576
201,2026352035,4/26/2016,5933,3.6800000667572,1018,1595
202,2026352035,4/27/2016,6088,3.76999998092651,586,1593
203,2026352035,4/28/2016,6375,3.95000004768372,626,1649
204,2026352035,4/29/2016,7604,4.71000003814697,492,1692
205,2026352035,4/30/2016,4729,2.9300000667572,594,1506
206,2026352035,5/1/2016,3609,2.27999997138977,716,1447
207,2026352035,5/2/2016,7018,4.34999990463257,716,1690
208,2026352035,5/3/2016,5992,3.72000002861023,981,1604
209,2026352035,5/4/2016,6564,4.07000017166138,530,1658
210,2026352035,5/5/2016,12167,7.53999996185303,479,1926
211,2026352035,5/6/2016,8198,5.07999992370605,511,1736
212,2026352035,5/7/2016,4193,2.59999990463257,665,1491
213,2026352035,5/8/2016,5528,3.45000004768372,610,1555
214,2026352035,5/9/2016,10685,6.61999988555908,543,1869
215,2026352035,5/10/2016,254,0.159999996423721,1002,1141
216,2026352035,5/11/2016,8580,5.32000017166138,569,1698
217,2026352035,5/12/2016,8891,5.51000022888184,330,1364
218,2320127002,4/12/2016,10725,7.48999977111816,1112,2124
219,2320127002,4/13/2016,7275,4.90000009536743,1105,2003
220,2320127002,4/14/2016,3973,2.6800000667572,1249,1696
221,2320127002,4/15/2016,5205,3.50999999046326,1195,1801
222,2320127002,4/16/2016,5057,3.41000008583069,1245,1724
223,2320127002,4/17/2016,6198,4.17999982833862,1191,1852
224,2320127002,4/18/2016,6559,4.42000007629395,1173,1905
225,2320127002,4/19/2016,5997,4.03999996185303,1201,1811
226,2320127002,4/20/2016,7192,4.84999990463257,1146,1922
227,2320127002,4/21/2016,3404,2.28999996185303,1302,1610
228,2320127002,4/22/2016,5583,3.75999999046326,1174,1851
229,2320127002,4/23/2016,5079,3.42000007629395,1129,1804
230,2320127002,4/24/2016,4165,2.80999994277954,1236,1725
231,2320127002,4/25/2016,3588,2.42000007629395,1280,1654
232,2320127002,4/26/2016,3409,2.29999995231628,1293,1632
233,2320127002,4/27/2016,1715,1.1599999666214,1358,1481
234,2320127002,4/28/2016,1532,1.02999997138977,1364,1473
235,2320127002,4/29/2016,924,0.620000004768372,1395,1410
236,2320127002,4/30/2016,4571,3.07999992370605,1206,1779
237,2320127002,5/1/2016,772,0.519999980926514,1400,1403
238,2320127002,5/2/2016,3634,2.45000004768372,1306,1613
239,2320127002,5/3/2016,7443,5.01999998092651,1204,1878
240,2320127002,5/4/2016,1201,0.810000002384186,1388,1426
241,2320127002,5/5/2016,5202,3.50999999046326,1206,1780
242,2320127002,5/6/2016,4878,3.28999996185303,1236,1742
243,2320127002,5/7/2016,7379,4.96999979019165,1121,1972
244,2320127002,5/8/2016,5161,3.48000001907349,1193,1821
245,2320127002,5/9/2016,3090,2.07999992370605,1295,1630
246,2320127002,5/10/2016,6227,4.19999980926514,1150,1899
247,2320127002,5/11/2016,6424,4.32999992370605,1140,1903
248,2320127002,5/12/2016,2661,1.78999996185303,830,1125
249,2347167796,4/12/2016,10113,6.82999992370605,964,2344
250,2347167796,4/13/2016,10352,7.01000022888184,676,2038
251,2347167796,4/14/2016,10129,6.69999980926514,705,2010
252,2347167796,4/15/2016,10465,6.92000007629395,720,2133
253,2347167796,4/16/2016,22244,15.0799999237061,968,2670
254,2347167796,4/17/2016,5472,3.61999988555908,508,1882
255,2347167796,4/18/2016,8247,5.44999980926514,678,1944
256,2347167796,4/19/2016,6711,4.44000005722046,648,2346
257,2347167796,4/20/2016,10999,7.26999998092651,1011,2198
258,2347167796,4/21/2016,10080,6.75,761,2048
259,2347167796,4/22/2016,7804,5.15999984741211,781,1946
260,2347167796,4/23/2016,16901,11.3699998855591,591,2629
261,2347167796,4/24/2016,9471,6.26000022888184,584,2187
262,2347167796,4/25/2016,9482,6.38000011444092,653,2095
263,2347167796,4/26/2016,5980,3.95000004768372,732,1861
264,2347167796,4/27/2016,11423,7.57999992370605,623,2194
265,2347167796,4/28/2016,5439,3.59999990463257,764,1854
266,2347167796,4/29/2016,42,0.0299999993294477,2,403
267,2873212765,4/12/2016,8796,5.90999984741211,1061,1982
268,2873212765,4/13/2016,7618,5.11999988555908,1028,2004
269,2873212765,4/14/2016,7910,5.32000017166138,1109,1893
270,2873212765,4/15/2016,8482,5.69999980926514,992,2063
271,2873212765,4/16/2016,9685,6.65000009536743,1087,2148
272,2873212765,4/17/2016,2524,1.70000004768372,1272,1529
273,2873212765,4/18/2016,7762,5.23999977111816,1122,1890
274,2873212765,4/19/2016,7948,5.36999988555908,1051,1956
275,2873212765,4/20/2016,9202,6.30000019073486,1035,2094
276,2873212765,4/21/2016,8859,5.98000001907349,1057,1970
277,2873212765,4/22/2016,7286,4.90000009536743,1028,2241
278,2873212765,4/23/2016,9317,6.34999990463257,1077,2021
279,2873212765,4/24/2016,6873,4.67999982833862,1203,1898
280,2873212765,4/25/2016,7373,4.94999980926514,1081,1907
281,2873212765,4/26/2016,8242,5.53999996185303,1124,1882
282,2873212765,4/27/2016,3516,2.35999989509583,1197,1966
283,2873212765,4/28/2016,7913,5.40999984741211,1192,1835
284,2873212765,4/29/2016,7365,4.94999980926514,1191,1780
285,2873212765,4/30/2016,8452,5.67999982833862,1167,1830
286,2873212765,5/1/2016,7399,4.96999979019165,1219,1739
287,2873212765,5/2/2016,7525,5.05999994277954,1099,1878
288,2873212765,5/3/2016,7412,4.98000001907349,1070,1906
289,2873212765,5/4/2016,8278,5.55999994277954,1020,2015
290,2873212765,5/5/2016,8314,5.6100001335144,1093,1971
291,2873212765,5/6/2016,7063,4.75,1065,1910
292,2873212765,5/7/2016,4940,3.38000011444092,1302,1897
293,2873212765,5/8/2016,8168,5.53999996185303,1068,2096
294,2873212765,5/9/2016,7726,5.19000005722046,1095,1906
295,2873212765,5/10/2016,8275,5.55999994277954,1067,1962
296,2873212765,5/11/2016,6440,4.32999992370605,1121,1826
297,2873212765,5/12/2016,7566,5.1100001335144,720,1431
298,3372868164,4/12/2016,4747,3.24000000953674,1160,1788
299,3372868164,4/13/2016,9715,6.63000011444092,1045,2093
300,3372868164,4/14/2016,8844,6.03000020980835,1039,2065
301,3372868164,4/15/2016,7451,5.07999992370605,1105,1908
302,3372868164,4/16/2016,6905,4.73000001907349,1084,1908
303,3372868164,4/17/2016,8199,5.88000011444092,1105,1964
304,3372868164,4/18/2016,6798,4.6399998664856,1070,2014
305,3372868164,4/19/2016,7711,5.26000022888184,1064,1985
306,3372868164,4/20/2016,4880,3.32999992370605,1148,1867
307,3372868164,4/21/2016,8857,6.07000017166138,1037,2124
308,3372868164,4/22/2016,3843,2.61999988555908,1234,1669
309,3372868164,4/23/2016,7396,5.07000017166138,1115,1995
310,3372868164,4/24/2016,6731,4.59000015258789,1127,1921
311,3372868164,4/25/2016,5995,4.09000015258789,1024,2010
312,3372868164,4/26/2016,8283,5.78999996185303,1083,2057
313,3372868164,4/27/2016,7904,5.42000007629395,1057,2095
314,3372868164,4/28/2016,5512,3.75999999046326,1055,1972
315,3372868164,4/29/2016,9135,6.23000001907349,1038,2044
316,3372868164,4/30/2016,5250,3.57999992370605,1119,1946
317,3372868164,5/1/2016,3077,2.09999990463257,842,1237
318,3977333714,4/12/2016,8856,5.98000001907349,777,1450
319,3977333714,4/13/2016,10035,6.71000003814697,754,1495
320,3977333714,4/14/2016,7641,5.1100001335144,801,1433
321,3977333714,4/15/2016,9010,6.05999994277954,644,1468
322,3977333714,4/16/2016,13459,9,663,1625
323,3977333714,4/17/2016,10415,6.96999979019165,600,1529
324,3977333714,4/18/2016,11663,7.80000019073486,605,1584
325,3977333714,4/19/2016,12414,8.77999973297119,738,1638
326,3977333714,4/20/2016,11658,7.82999992370605,845,1554
327,3977333714,4/21/2016,6093,4.07999992370605,712,1397
328,3977333714,4/22/2016,8911,5.96000003814697,731,1481
329,3977333714,4/23/2016,12058,8.06999969482422,724,1638
330,3977333714,4/24/2016,14112,10,660,1655
331,3977333714,4/25/2016,11177,8.47999954223633,781,1570
332,3977333714,4/26/2016,11388,7.61999988555908,797,1551
333,3977333714,4/27/2016,7193,5.03999996185303,714,1377
334,3977333714,4/28/2016,7114,4.88000011444092,804,1407
335,3977333714,4/29/2016,10645,7.75,744,1545
336,3977333714,4/30/2016,13238,9.19999980926514,687,1650
337,3977333714,5/1/2016,10414,7.07000017166138,691,1501
338,3977333714,5/2/2016,16520,11.0500001907349,713,1760
339,3977333714,5/3/2016,14335,9.59000015258789,594,1710
340,3977333714,5/4/2016,13559,9.4399995803833,852,1628
341,3977333714,5/5/2016,12312,8.57999992370605,680,1618
342,3977333714,5/6/2016,11677,8.27999973297119,676,1590
343,3977333714,5/7/2016,11550,7.73000001907349,703,1574
344,3977333714,5/8/2016,13585,9.09000015258789,688,1633
345,3977333714,5/9/2016,14687,10.0799999237061,1159,1667
346,3977333714,5/10/2016,13072,8.77999973297119,676,1630
347,3977333714,5/11/2016,746,0.5,13,52
348,4020332650,4/12/2016,8539,6.11999988555908,712,3654
349,4020332650,4/13/2016,0,0,1440,1981
350,4020332650,4/14/2016,108,0.0799999982118607,1437,2011
351,4020332650,4/15/2016,1882,1.35000002384186,1299,2951
352,4020332650,4/16/2016,1982,1.41999995708466,1222,3051
353,4020332650,4/17/2016,16,0.00999999977648258,1438,1990
354,4020332650,4/18/2016,62,0.0399999991059303,1438,1995
355,4020332650,4/19/2016,0,0,1440,1980
356,4020332650,4/20/2016,0,0,1440,1980
357,4020332650,4/21/2016,0,0,1440,1980
358,4020332650,4/22/2016,0,0,1440,1980
359,4020332650,4/23/2016,0,0,1440,1980
360,4020332650,4/24/2016,0,0,1440,1980
361,4020332650,4/25/2016,0,0,1440,1980
362,4020332650,4/26/2016,0,0,1440,1980
363,4020332650,4/27/2016,0,0,1440,1980
364,4020332650,4/28/2016,0,0,1440,1980
365,4020332650,4/29/2016,0,0,1440,1980
366,4020332650,4/30/2016,0,0,1440,1980
367,4020332650,5/1/2016,0,0,1440,1980
368,4020332650,5/2/2016,475,0.340000003576279,1350,2207
369,4020332650,5/3/2016,4496,3.22000002861023,950,2828
370,4020332650,5/4/2016,10252,7.34999990463257,531,3879
371,4020332650,5/5/2016,11728,8.43000030517578,916,3429
372,4020332650,5/6/2016,4369,3.13000011444092,855,2704
373,4020332650,5/7/2016,6132,4.40000009536743,1256,2975
374,4020332650,5/8/2016,5862,4.19999980926514,775,3089
375,4020332650,5/9/2016,4556,3.26999998092651,1225,2785
376,4020332650,5/10/2016,5546,3.98000001907349,774,2926
377,4020332650,5/11/2016,3689,2.65000009536743,1296,2645
378,4020332650,5/12/2016,590,0.419999986886978,721,1120
379,4057192912,4/12/2016,5394,4.03000020980835,1276,2286
380,4057192912,4/13/2016,5974,4.46999979019165,1280,2306
381,4057192912,4/14/2016,0,0,1440,1776
382,4057192912,4/15/2016,3984,2.95000004768372,873,1527
383,4319703577,4/12/2016,7753,5.19999980926514,1440,2115
384,4319703577,4/13/2016,8204,5.5,1234,2135
385,4319703577,4/14/2016,10210,6.88000011444092,589,2302
386,4319703577,4/15/2016,5664,3.79999995231628,752,1985
387,4319703577,4/16/2016,4744,3.1800000667572,724,1884
388,4319703577,4/17/2016,29,0.0199999995529652,1363,1464
389,4319703577,4/18/2016,2276,1.54999995231628,824,1632
390,4319703577,4/19/2016,8925,5.98999977111816,604,2200
391,4319703577,4/20/2016,8954,6.01000022888184,671,2220
392,4319703577,4/21/2016,3702,2.48000001907349,1265,1792
393,4319703577,4/22/2016,4500,3.01999998092651,709,1886
394,4319703577,4/23/2016,4935,3.30999994277954,546,1945
395,4319703577,4/24/2016,4081,2.74000000953674,692,1880
396,4319703577,4/25/2016,9259,6.21000003814697,544,2314
397,4319703577,4/26/2016,9899,6.6399998664856,649,2236
398,4319703577,4/27/2016,10780,7.23000001907349,680,2324
399,4319703577,4/28/2016,10817,7.28000020980835,552,2367
400,4319703577,4/29/2016,7990,5.3600001335144,624,2175
401,4319703577,4/30/2016,8221,5.51999998092651,695,2092
402,4319703577,5/1/2016,1251,0.839999973773956,836,1593
403,4319703577,5/2/2016,9261,6.23999977111816,585,2270
404,4319703577,5/3/2016,9648,6.46999979019165,669,2235
405,4319703577,5/4/2016,10429,7.01999998092651,1106,2282
406,4319703577,5/5/2016,13658,9.48999977111816,957,2530
407,4319703577,5/6/2016,9524,6.42000007629395,692,2266
408,4319703577,5/7/2016,7937,5.32999992370605,586,2158
409,4319703577,5/8/2016,3672,2.46000003814697,603,1792
410,4319703577,5/9/2016,10378,6.96000003814697,490,2345
411,4319703577,5/10/2016,9487,6.36999988555908,555,2260
412,4319703577,5/11/2016,9129,6.13000011444092,574,2232
413,4319703577,5/12/2016,17,0.00999999977648258,0,257
414,4388161847,4/12/2016,10122,7.78000020980835,1440,2955
415,4388161847,4/13/2016,10993,8.44999980926514,1275,3092
416,4388161847,4/14/2016,8863,6.82000017166138,945,2998
417,4388161847,4/15/2016,8758,6.73000001907349,837,3066
418,4388161847,4/16/2016,6580,5.05999994277954,609,3073
419,4388161847,4/17/2016,4660,3.57999992370605,721,2572
420,4388161847,4/18/2016,11009,9.10000038146973,1017,3274
421,4388161847,4/19/2016,10181,7.82999992370605,704,3015
422,4388161847,4/20/2016,10553,8.11999988555908,696,3083
423,4388161847,4/21/2016,10055,7.73000001907349,853,3069
424,4388161847,4/22/2016,12139,9.34000015258789,945,3544
425,4388161847,4/23/2016,13236,10.1800003051758,749,3306
426,4388161847,4/24/2016,10243,7.88000011444092,584,2885
427,4388161847,4/25/2016,12961,9.97000026702881,1054,3288
428,4388161847,4/26/2016,9461,7.28000020980835,673,2929
429,4388161847,4/27/2016,11193,8.60999965667725,684,3074
430,4388161847,4/28/2016,10074,7.75,878,2969
431,4388161847,4/29/2016,9232,7.09999990463257,1175,2979
432,4388161847,4/30/2016,12533,9.64000034332275,537,3283
433,4388161847,5/1/2016,10255,7.8899998664856,579,2926
434,4388161847,5/2/2016,10096,8.39999961853027,935,3147
435,4388161847,5/3/2016,12727,9.78999996185303,984,3290
436,4388161847,5/4/2016,12375,9.52000045776367,632,3162
437,4388161847,5/5/2016,9603,7.38000011444092,896,2899
438,4388161847,5/6/2016,13175,10.1300001144409,1100,3425
439,4388161847,5/7/2016,22770,17.5400009155273,508,4022
440,4388161847,5/8/2016,17298,14.3800001144409,576,3934
441,4388161847,5/9/2016,10218,7.8600001335144,1020,3013
442,4388161847,5/10/2016,10299,7.92000007629395,648,3061
443,4388161847,5/11/2016,10201,7.84000015258789,858,2954
444,4388161847,5/12/2016,3369,2.58999991416931,825,1623
445,4445114986,4/12/2016,3276,2.20000004768372,787,2113
446,4445114986,4/13/2016,2961,1.99000000953674,840,2095
447,4445114986,4/14/2016,3974,2.67000007629395,717,2194
448,4445114986,4/15/2016,7198,4.82999992370605,711,2496
449,4445114986,4/16/2016,3945,2.65000009536743,716,2180
450,4445114986,4/17/2016,2268,1.51999998092651,1219,1933
451,4445114986,4/18/2016,6155,4.23999977111816,1247,2248
452,4445114986,4/19/2016,2064,1.38999998569489,895,1954
453,4445114986,4/20/2016,2072,1.38999998569489,841,1974
454,4445114986,4/21/2016,3809,2.55999994277954,756,2150
455,4445114986,4/22/2016,6831,4.57999992370605,706,2432
456,4445114986,4/23/2016,4363,2.9300000667572,1239,2149
457,4445114986,4/24/2016,5002,3.35999989509583,1196,2247
458,4445114986,4/25/2016,3385,2.26999998092651,916,2070
459,4445114986,4/26/2016,6326,4.40999984741211,839,2291
460,4445114986,4/27/2016,7243,5.03000020980835,839,2361
461,4445114986,4/28/2016,4493,3.00999999046326,762,2203
462,4445114986,4/29/2016,4676,3.14000010490417,1106,2196
463,4445114986,4/30/2016,6222,4.17999982833862,797,2363
464,4445114986,5/1/2016,5232,3.50999999046326,741,2246
465,4445114986,5/2/2016,6910,4.75,667,2336
466,4445114986,5/3/2016,7502,5.17999982833862,725,2421
467,4445114986,5/4/2016,2923,1.96000003814697,897,2070
468,4445114986,5/5/2016,3800,2.54999995231628,734,2120
469,4445114986,5/6/2016,4514,3.02999997138977,809,2211
470,4445114986,5/7/2016,5183,3.58999991416931,866,2123
471,4445114986,5/8/2016,7303,4.90000009536743,733,2423
472,4445114986,5/9/2016,5275,3.53999996185303,641,2281
473,4445114986,5/10/2016,3915,2.63000011444092,783,2181
474,4445114986,5/11/2016,9105,6.1100001335144,622,2499
475,4445114986,5/12/2016,768,0.519999980926514,380,1212
476,4558609924,4/12/2016,5135,3.39000010490417,1122,1909
477,4558609924,4/13/2016,4978,3.28999996185303,1287,1722
478,4558609924,4/14/2016,6799,4.48999977111816,1161,1922
479,4558609924,4/15/2016,7795,5.15000009536743,1131,2121
480,4558609924,4/16/2016,7289,4.82000017166138,1112,1997
481,4558609924,4/17/2016,9634,6.40000009536743,1110,2117
482,4558609924,4/18/2016,8940,5.90999984741211,1080,2116
483,4558609924,4/19/2016,5401,3.5699999332428,1182,1876
484,4558609924,4/20/2016,4803,3.17000007629395,1218,1788
485,4558609924,4/21/2016,13743,9.07999992370605,844,2486
486,4558609924,4/22/2016,9601,6.34999990463257,1122,2094
487,4558609924,4/23/2016,6890,4.55000019073486,1122,2085
488,4558609924,4/24/2016,8563,5.65999984741211,1045,2173
489,4558609924,4/25/2016,8095,5.34999990463257,993,2225
490,4558609924,4/26/2016,9148,6.05000019073486,1062,2223
491,4558609924,4/27/2016,9557,6.32000017166138,1087,2098
492,4558609924,4/28/2016,9451,6.25,985,2185
493,4558609924,4/29/2016,7833,5.17999982833862,1096,1918
494,4558609924,4/30/2016,10319,6.82000017166138,1111,2105
495,4558609924,5/1/2016,3428,2.26999998092651,1121,1692
496,4558609924,5/2/2016,7891,5.21999979019165,1057,2066
497,4558609924,5/3/2016,5267,3.48000001907349,1172,1953
498,4558609924,5/4/2016,5232,3.46000003814697,1188,1842
499,4558609924,5/5/2016,10611,7.01000022888184,1048,2262
500,4558609924,5/6/2016,3755,2.48000001907349,1238,1722
501,4558609924,5/7/2016,8237,5.44000005722046,1116,1973
502,4558609924,5/8/2016,6543,4.32999992370605,1019,2666
503,4558609924,5/9/2016,11451,7.57000017166138,1065,2223
504,4558609924,5/10/2016,6435,4.25,1191,1889
505,4558609924,5/11/2016,9108,6.01999998092651,1081,2131
506,4558609924,5/12/2016,6307,4.17000007629395,736,1452
507,4702921684,4/12/2016,7213,5.88000011444092,718,2947
508,4702921684,4/13/2016,6877,5.57999992370605,777,2898
509,4702921684,4/14/2016,7860,6.36999988555908,772,2984
510,4702921684,4/15/2016,6506,5.28000020980835,944,2896
511,4702921684,4/16/2016,11140,9.02999973297119,556,3328
512,4702921684,4/17/2016,12692,10.289999961853,437,3394
513,4702921684,4/18/2016,9105,7.38000011444092,890,3013
514,4702921684,4/19/2016,6708,5.44000005722046,757,2812
515,4702921684,4/20/2016,8793,7.13000011444092,717,3061
516,4702921684,4/21/2016,6530,5.30000019073486,901,2729
517,4702921684,4/22/2016,1664,1.35000002384186,1341,2241
518,4702921684,4/23/2016,15126,12.2700004577637,469,3691
519,4702921684,4/24/2016,15050,12.2200002670288,542,3538
520,4702921684,4/25/2016,9167,7.42999982833862,730,3064
521,4702921684,4/26/2016,6108,4.94999980926514,765,2784
522,4702921684,4/27/2016,7047,5.71999979019165,733,2908
523,4702921684,4/28/2016,9023,7.32000017166138,738,3033
524,4702921684,4/29/2016,9930,8.05000019073486,692,3165
525,4702921684,4/30/2016,10144,8.22999954223633,728,3115
526,4702921684,5/1/2016,0,0,1440,2017
527,4702921684,5/2/2016,7245,5.92000007629395,1131,2859
528,4702921684,5/3/2016,9454,7.67000007629395,729,3145
529,4702921684,5/4/2016,8161,6.61999988555908,757,3004
530,4702921684,5/5/2016,8614,6.98999977111816,745,3006
531,4702921684,5/6/2016,6943,5.63000011444092,682,2859
532,4702921684,5/7/2016,14370,11.6499996185303,577,3683
533,4702921684,5/8/2016,12857,10.4300003051758,1019,3287
534,4702921684,5/9/2016,8232,6.67999982833862,746,2990
535,4702921684,5/10/2016,10613,8.60999965667725,701,3172
536,4702921684,5/11/2016,9810,7.96000003814697,784,3069
537,4702921684,5/12/2016,2752,2.23000001907349,241,1240
538,5553957443,4/12/2016,11596,7.57000017166138,767,2026
539,5553957443,4/13/2016,4832,3.16000008583069,647,1718
540,5553957443,4/14/2016,17022,11.1199998855591,693,2324
541,5553957443,4/15/2016,16556,10.8599996566772,689,2254
542,5553957443,4/16/2016,5771,3.76999998092651,521,1831
543,5553957443,4/17/2016,655,0.430000007152557,943,1397
544,5553957443,4/18/2016,3727,2.4300000667572,622,1683
545,5553957443,4/19/2016,15482,10.1099996566772,756,2284
546,5553957443,4/20/2016,2713,1.76999998092651,598,1570
547,5553957443,4/21/2016,12346,8.0600004196167,801,2066
548,5553957443,4/22/2016,11682,7.63000011444092,781,2105
549,5553957443,4/23/2016,4112,2.69000005722046,443,1776
550,5553957443,4/24/2016,1807,1.17999994754791,582,1507
551,5553957443,4/25/2016,10946,7.19000005722046,732,2033
552,5553957443,4/26/2016,11886,7.76000022888184,750,2093
553,5553957443,4/27/2016,10538,6.88000011444092,745,1922
554,5553957443,4/28/2016,11393,7.63000011444092,727,1999
555,5553957443,4/29/2016,12764,8.32999992370605,709,2169
556,5553957443,4/30/2016,1202,0.779999971389771,506,1463
557,5553957443,5/1/2016,5164,3.36999988555908,436,1747
558,5553957443,5/2/2016,9769,6.38000011444092,724,1996
559,5553957443,5/3/2016,12848,8.39000034332275,812,2116
560,5553957443,5/4/2016,4249,2.76999998092651,651,1698
561,5553957443,5/5/2016,14331,9.51000022888184,692,2156
562,5553957443,5/6/2016,9632,6.28999996185303,761,1916
563,5553957443,5/7/2016,1868,1.22000002861023,902,1494
564,5553957443,5/8/2016,6083,4,505,1762
565,5553957443,5/9/2016,11611,7.57999992370605,667,2272
566,5553957443,5/10/2016,16358,10.710000038147,707,2335
567,5553957443,5/11/2016,4926,3.22000002861023,628,1693
568,5553957443,5/12/2016,3121,2.03999996185303,222,741
569,5577150313,4/12/2016,8135,6.07999992370605,728,3405
570,5577150313,4/13/2016,5077,3.78999996185303,776,2551
571,5577150313,4/14/2016,8596,6.42000007629395,662,4022
572,5577150313,4/15/2016,12087,9.07999992370605,695,4005
573,5577150313,4/16/2016,14269,10.6599998474121,472,4274
574,5577150313,4/17/2016,12231,9.14000034332275,525,4552
575,5577150313,4/18/2016,9893,7.3899998664856,623,3625
576,5577150313,4/19/2016,12574,9.42000007629395,733,3501
577,5577150313,4/20/2016,8330,6.21999979019165,773,3192
578,5577150313,4/21/2016,10830,8.09000015258789,670,4018
579,5577150313,4/22/2016,9172,6.84999990463257,823,3329
580,5577150313,4/23/2016,7638,5.71000003814697,627,3152
581,5577150313,4/24/2016,15764,11.7799997329712,425,4392
582,5577150313,4/25/2016,6393,4.78000020980835,743,3374
583,5577150313,4/26/2016,5325,3.98000001907349,759,3088
584,5577150313,4/27/2016,6805,5.1399998664856,773,3294
585,5577150313,4/28/2016,9841,7.42999982833862,692,3580
586,5577150313,4/29/2016,7924,5.92000007629395,739,3544
587,5577150313,4/30/2016,12363,9.23999977111816,621,4501
588,5577150313,5/1/2016,13368,9.98999977111816,499,4546
589,5577150313,5/2/2016,7439,5.55999994277954,732,3014
590,5577150313,5/3/2016,11045,8.25,580,3795
591,5577150313,5/4/2016,5206,3.89000010490417,631,2755
592,5577150313,5/5/2016,7550,5.6399998664856,1153,3004
593,5577150313,5/6/2016,4950,3.70000004768372,1304,2643
594,5577150313,5/7/2016,0,0,1440,1819
595,5577150313,5/8/2016,0,0,1440,1819
596,5577150313,5/9/2016,3421,2.55999994277954,1099,2489
597,5577150313,5/10/2016,8869,6.65000009536743,639,3841
598,5577150313,5/11/2016,4038,3.03999996185303,257,1665
599,6117666160,4/12/2016,0,0,1440,1496
600,6117666160,4/13/2016,0,0,1440,1496
601,6117666160,4/14/2016,0,0,1440,1496
602,6117666160,4/15/2016,14019,10.5900001525879,921,2865
603,6117666160,4/16/2016,14450,10.9099998474121,502,2828
604,6117666160,4/17/2016,7150,5.40000009536743,702,2225
605,6117666160,4/18/2016,5153,3.91000008583069,759,2018
606,6117666160,4/19/2016,11135,8.40999984741211,425,2606
607,6117666160,4/20/2016,10449,8.02000045776367,587,2536
608,6117666160,4/21/2016,19542,15.0100002288818,579,4900
609,6117666160,4/22/2016,8206,6.19999980926514,413,2409
610,6117666160,4/23/2016,11495,8.68000030517578,468,2651
611,6117666160,4/24/2016,7623,5.76000022888184,711,2305
612,6117666160,4/25/2016,0,0,1440,1497
613,6117666160,4/26/2016,9543,7.21000003814697,1077,2450
614,6117666160,4/27/2016,9411,7.1100001335144,417,2576
615,6117666160,4/28/2016,3403,2.59999990463257,758,1879
616,6117666160,4/29/2016,9592,7.23999977111816,479,2560
617,6117666160,4/30/2016,6987,5.28000020980835,1040,2275
618,6117666160,5/1/2016,8915,6.73000001907349,525,2361
619,6117666160,5/2/2016,4933,3.73000001907349,1204,2044
620,6117666160,5/3/2016,0,0,1440,1496
621,6117666160,5/4/2016,2997,2.25999999046326,1279,1902
622,6117666160,5/5/2016,9799,7.40000009536743,479,2636
623,6117666160,5/6/2016,3365,2.6800000667572,673,1838
624,6117666160,5/7/2016,7336,5.53999996185303,456,2469
625,6117666160,5/8/2016,7328,5.53000020980835,517,2250
626,6117666160,5/9/2016,4477,3.38000011444092,125,1248
627,6290855005,4/12/2016,4562,3.45000004768372,1241,2560
628,6290855005,4/13/2016,7142,5.40000009536743,1090,2905
629,6290855005,4/14/2016,7671,5.80000019073486,1077,2952
630,6290855005,4/15/2016,9501,7.17999982833862,1112,2896
631,6290855005,4/16/2016,8301,6.28000020980835,1182,2783
632,6290855005,4/17/2016,7851,5.94000005722046,1172,3171
633,6290855005,4/18/2016,6885,5.21000003814697,1169,2766
634,6290855005,4/19/2016,7142,5.40000009536743,1119,2839
635,6290855005,4/20/2016,6361,4.80999994277954,1182,2701
636,6290855005,4/21/2016,0,0,1440,2060
637,6290855005,4/22/2016,6238,4.71999979019165,1138,2796
638,6290855005,4/23/2016,0,0,1407,2664
639,6290855005,4/24/2016,5896,4.46000003814697,1182,2703
640,6290855005,4/25/2016,7802,5.90000009536743,1180,2771
641,6290855005,4/26/2016,0,0,1440,2060
642,6290855005,4/27/2016,5565,4.21000003814697,1153,2743
643,6290855005,4/28/2016,5731,4.32999992370605,1185,2687
644,6290855005,4/29/2016,0,0,1440,2060
645,6290855005,4/30/2016,6744,5.09999990463257,1116,2843
646,6290855005,5/1/2016,9837,7.44000005722046,1055,3327
647,6290855005,5/2/2016,6781,5.13000011444092,1172,2725
648,6290855005,5/3/2016,6047,4.57000017166138,1200,2671
649,6290855005,5/4/2016,5832,4.40999984741211,1168,2718
650,6290855005,5/5/2016,6339,4.78999996185303,1201,2682
651,6290855005,5/6/2016,6116,4.61999988555908,1135,2806
652,6290855005,5/7/2016,5510,4.17000007629395,1213,2613
653,6290855005,5/8/2016,7706,5.82999992370605,1189,2712
654,6290855005,5/9/2016,6277,4.75,800,2175
655,6290855005,5/10/2016,0,0,1440,0
656,6775888955,4/12/2016,0,0,1440,1841
657,6775888955,4/13/2016,4053,2.91000008583069,1053,2400
658,6775888955,4/14/2016,5162,3.70000004768372,863,2507
659,6775888955,4/15/2016,1282,0.920000016689301,976,2127
660,6775888955,4/16/2016,4732,3.39000010490417,1377,2225
661,6775888955,4/17/2016,2497,1.78999996185303,1392,2067
662,6775888955,4/18/2016,8294,5.94999980926514,1233,2798
663,6775888955,4/19/2016,0,0,1440,1841
664,6775888955,4/20/2016,10771,7.71999979019165,1079,3727
665,6775888955,4/21/2016,0,0,1440,1841
666,6775888955,4/22/2016,637,0.46000000834465,1420,1922
667,6775888955,4/23/2016,0,0,1440,1841
668,6775888955,4/24/2016,2153,1.53999996185303,1400,2053
669,6775888955,4/25/2016,6474,4.6399998664856,1302,2484
670,6775888955,4/26/2016,7091,5.26999998092651,1321,2584
671,6775888955,4/27/2016,0,0,1440,1841
672,6775888955,4/28/2016,703,0.5,1410,1993
673,6775888955,4/29/2016,0,0,1440,1841
674,6775888955,4/30/2016,2503,1.78999996185303,1344,2280
675,6775888955,5/1/2016,2487,1.77999997138977,1347,2319
676,6775888955,5/2/2016,0,0,1440,1841
677,6775888955,5/3/2016,9,0.00999999977648258,1439,1843
678,6775888955,5/4/2016,0,0,1440,1841
679,6775888955,5/5/2016,0,0,1440,1841
680,6775888955,5/6/2016,4697,3.36999988555908,1318,2496
681,6775888955,5/7/2016,1967,1.4099999666214,551,1032
682,6962181067,4/12/2016,10199,6.73999977111816,796,1994
683,6962181067,4/13/2016,5652,3.74000000953674,548,1718
684,6962181067,4/14/2016,1551,1.02999997138977,862,1466
685,6962181067,4/15/2016,5563,3.6800000667572,837,1756
686,6962181067,4/16/2016,13217,8.73999977111816,741,2173
687,6962181067,4/17/2016,10145,6.71000003814697,634,2027
688,6962181067,4/18/2016,11404,7.53999996185303,689,2039
689,6962181067,4/19/2016,10742,7.09999990463257,659,2046
690,6962181067,4/20/2016,13928,9.55000019073486,639,2174
691,6962181067,4/21/2016,11835,9.71000003814697,708,2179
692,6962181067,4/22/2016,10725,7.09000015258789,659,2086
693,6962181067,4/23/2016,20031,13.2399997711182,484,2571
694,6962181067,4/24/2016,5029,3.3199999332428,720,1705
695,6962181067,4/25/2016,13239,9.27000045776367,637,2194
696,6962181067,4/26/2016,10433,6.90000009536743,680,2012
697,6962181067,4/27/2016,10320,6.82000017166138,697,2034
698,6962181067,4/28/2016,12627,8.35000038146973,621,2182
699,6962181067,4/29/2016,10762,7.1100001335144,645,2254
700,6962181067,4/30/2016,10081,6.65999984741211,731,2002
701,6962181067,5/1/2016,5454,3.60999989509583,722,1740
702,6962181067,5/2/2016,12912,8.53999996185303,655,2162
703,6962181067,5/3/2016,12109,8.11999988555908,654,2072
704,6962181067,5/4/2016,10147,6.71000003814697,683,2086
705,6962181067,5/5/2016,10524,6.96000003814697,591,2066
706,6962181067,5/6/2016,5908,3.91000008583069,717,1850
707,6962181067,5/7/2016,6815,4.5,745,1947
708,6962181067,5/8/2016,4188,2.76999998092651,709,1659
709,6962181067,5/9/2016,12342,8.72000026702881,607,2105
710,6962181067,5/10/2016,15448,10.210000038147,626,2361
711,6962181067,5/11/2016,6722,4.44000005722046,709,1855
712,6962181067,5/12/2016,3587,2.36999988555908,127,928
713,7007744171,4/12/2016,14172,10.289999961853,1024,2937
714,7007744171,4/13/2016,12862,9.64999961853027,1101,2742
715,7007744171,4/14/2016,11179,8.23999977111816,1096,2668
716,7007744171,4/15/2016,5273,3.52999997138977,1238,2098
717,7007744171,4/16/2016,4631,3.09999990463257,1155,2076
718,7007744171,4/17/2016,8059,5.3899998664856,1135,2383
719,7007744171,4/18/2016,14816,10.9799995422363,1077,2832
720,7007744171,4/19/2016,14194,10.4799995422363,1066,2812
721,7007744171,4/20/2016,15566,11.3100004196167,1000,3096
722,7007744171,4/21/2016,13744,9.1899995803833,1049,2763
723,7007744171,4/22/2016,15299,10.2399997711182,1065,2889
724,7007744171,4/23/2016,8093,5.40999984741211,1190,2284
725,7007744171,4/24/2016,11085,7.42000007629395,1021,2667
726,7007744171,4/25/2016,18229,13.3400001525879,986,3055
727,7007744171,4/26/2016,15090,10.1000003814697,978,2939
728,7007744171,4/27/2016,13541,10.2200002670288,1041,2830
729,7007744171,4/28/2016,15128,10.1199998855591,1007,2836
730,7007744171,4/29/2016,20067,14.3000001907349,961,3180
731,7007744171,4/30/2016,3761,2.51999998092651,1240,2051
732,7007744171,5/1/2016,5600,3.75,1142,2225
733,7007744171,5/2/2016,13041,9.18000030517578,1112,2642
734,7007744171,5/3/2016,14510,10.8699998855591,1021,2976
735,7007744171,5/4/2016,0,0,1440,1557
736,7007744171,5/5/2016,15010,11.1000003814697,1047,2933
737,7007744171,5/6/2016,11459,7.67000007629395,1136,2553
738,7007744171,5/7/2016,0,0,111,120
739,7086361926,4/12/2016,11317,8.40999984741211,745,2772
740,7086361926,4/13/2016,5813,3.61999988555908,744,2516
741,7086361926,4/14/2016,9123,6.11999988555908,787,2734
742,7086361926,4/15/2016,8585,5.67000007629395,864,2395
743,7086361926,4/16/2016,31,0.00999999977648258,1437,1635
744,7086361926,4/17/2016,0,0,1440,1629
745,7086361926,4/18/2016,9827,6.71000003814697,1136,2743
746,7086361926,4/19/2016,10688,7.28999996185303,671,2944
747,7086361926,4/20/2016,14365,10.6400003433228,797,2997
748,7086361926,4/21/2016,9469,6.17999982833862,758,2463
749,7086361926,4/22/2016,9753,6.53000020980835,762,2846
750,7086361926,4/23/2016,2817,1.80999994277954,1350,1965
751,7086361926,4/24/2016,3520,2.16000008583069,566,2049
752,7086361926,4/25/2016,10091,6.82000017166138,706,2752
753,7086361926,4/26/2016,10387,7.07000017166138,726,2781
754,7086361926,4/27/2016,11107,8.34000015258789,829,2693
755,7086361926,4/28/2016,11584,7.80000019073486,810,2862
756,7086361926,4/29/2016,7881,4.94999980926514,1198,2616
757,7086361926,4/30/2016,14560,9.40999984741211,584,2995
758,7086361926,5/1/2016,12390,8.06999969482422,685,2730
759,7086361926,5/2/2016,10052,6.80999994277954,737,2754
760,7086361926,5/3/2016,10288,6.76000022888184,761,2754
761,7086361926,5/4/2016,10988,8.3100004196167,843,2655
762,7086361926,5/5/2016,8564,5.59999990463257,1253,2386
763,7086361926,5/6/2016,12461,8.38000011444092,834,2924
764,7086361926,5/7/2016,12827,8.47999954223633,621,2739
765,7086361926,5/8/2016,10677,7.09999990463257,695,2534
766,7086361926,5/9/2016,13566,9.10999965667725,743,2960
767,7086361926,5/10/2016,14433,10.789999961853,1182,2800
768,7086361926,5/11/2016,9572,6.51999998092651,757,2735
769,7086361926,5/12/2016,3789,2.55999994277954,343,1199
770,8053475328,4/12/2016,18060,14.1199998855591,1193,3186
771,8053475328,4/13/2016,16433,13.3500003814697,1177,3140
772,8053475328,4/14/2016,20159,15.9700002670288,1123,3411
773,8053475328,4/15/2016,20669,16.2399997711182,1142,3410
774,8053475328,4/16/2016,14549,11.1099996566772,1255,2867
775,8053475328,4/17/2016,18827,13.6899995803833,1113,3213
776,8053475328,4/18/2016,17076,12.6599998474121,1137,3133
777,8053475328,4/19/2016,15929,12.4799995422363,1152,3114
778,8053475328,4/20/2016,15108,12.1899995803833,695,3043
779,8053475328,4/21/2016,16057,12.5100002288818,1164,3103
780,8053475328,4/22/2016,10520,8.28999996185303,1260,2655
781,8053475328,4/23/2016,22359,17.1900005340576,741,3554
782,8053475328,4/24/2016,22988,17.9500007629395,1096,3577
783,8053475328,4/25/2016,20500,15.6899995803833,1104,3403
784,8053475328,4/26/2016,12685,9.61999988555908,1182,2846
785,8053475328,4/27/2016,12422,9.81999969482422,1187,2852
786,8053475328,4/28/2016,15447,12.3999996185303,1188,3062
787,8053475328,4/29/2016,12315,9.64999961853027,1215,2794
788,8053475328,4/30/2016,7135,5.59000015258789,1281,2408
789,8053475328,5/1/2016,1170,0.850000023841858,1389,1886
790,8053475328,5/2/2016,1969,1.42999994754791,1345,1988
791,8053475328,5/3/2016,15484,11.8999996185303,1166,3023
792,8053475328,5/4/2016,14581,11.1499996185303,1220,2918
793,8053475328,5/5/2016,14990,11.5100002288818,1208,2950
794,8053475328,5/6/2016,13953,11,1245,2859
795,8053475328,5/7/2016,19769,15.6700000762939,1076,3331
796,8053475328,5/8/2016,22026,17.6499996185303,1073,3589
797,8053475328,5/9/2016,12465,9.38000011444092,1214,2765
798,8053475328,5/10/2016,14810,11.3599996566772,1219,2926
799,8053475328,5/11/2016,12209,9.39999961853027,1189,2809
800,8053475328,5/12/2016,4998,3.91000008583069,839,1505
801,8253242879,4/12/2016,9033,7.15999984741211,1244,2044
802,8253242879,4/13/2016,8053,6.09999990463257,1298,1935
803,8253242879,4/14/2016,5234,3.46000003814697,1362,1705
804,8253242879,4/15/2016,2672,1.76999998092651,1335,1632
805,8253242879,4/16/2016,9256,6.1399998664856,1268,1880
806,8253242879,4/17/2016,10204,7.90999984741211,1237,2112
807,8253242879,4/18/2016,5151,3.48000001907349,1278,1829
808,8253242879,4/19/2016,4212,2.77999997138977,1276,1763
809,8253242879,4/20/2016,6466,4.26999998092651,1201,1931
810,8253242879,4/21/2016,11268,8.5600004196167,1199,2218
811,8253242879,4/22/2016,2824,1.87000000476837,1320,1651
812,8253242879,4/23/2016,9282,6.26000022888184,1193,2132
813,8253242879,4/24/2016,8905,7.13000011444092,1313,1976
814,8253242879,4/25/2016,6829,4.51000022888184,1261,1909
815,8253242879,4/26/2016,4562,3.03999996185303,1299,1813
816,8253242879,4/27/2016,10232,8.18000030517578,1286,2008
817,8253242879,4/28/2016,2718,1.79999995231628,1393,1580
818,8253242879,4/29/2016,6260,4.26000022888184,1257,1854
819,8253242879,4/30/2016,0,0,1440,0
820,8378563200,4/12/2016,7626,6.05000019073486,723,3635
821,8378563200,4/13/2016,12386,9.81999969482422,680,4079
822,8378563200,4/14/2016,13318,10.5600004196167,699,4163
823,8378563200,4/15/2016,14461,11.4700002670288,729,3666
824,8378563200,4/16/2016,11207,8.89000034332275,563,3363
825,8378563200,4/17/2016,2132,1.69000005722046,599,2572
826,8378563200,4/18/2016,13630,10.8100004196167,720,4157
827,8378563200,4/19/2016,13070,10.3599996566772,737,4092
828,8378563200,4/20/2016,9388,7.44000005722046,763,3787
829,8378563200,4/21/2016,15148,12.0100002288818,677,4236
830,8378563200,4/22/2016,12200,9.67000007629395,769,4044
831,8378563200,4/23/2016,5709,4.53000020980835,740,2908
832,8378563200,4/24/2016,3703,2.94000005722046,734,2741
833,8378563200,4/25/2016,12405,9.84000015258789,692,4005
834,8378563200,4/26/2016,16208,12.8500003814697,593,3763
835,8378563200,4/27/2016,7359,5.84000015258789,676,3061
836,8378563200,4/28/2016,5417,4.30000019073486,711,2884
837,8378563200,4/29/2016,6175,4.90000009536743,767,2982
838,8378563200,4/30/2016,2946,2.33999991416931,780,2660
839,8378563200,5/1/2016,11419,9.0600004196167,669,3369
840,8378563200,5/2/2016,6064,4.80999994277954,802,3491
841,8378563200,5/3/2016,8712,6.90999984741211,822,3784
842,8378563200,5/4/2016,7875,6.23999977111816,680,3110
843,8378563200,5/5/2016,8567,6.78999996185303,764,3783
844,8378563200,5/6/2016,7045,5.59000015258789,831,3644
845,8378563200,5/7/2016,4468,3.53999996185303,851,2799
846,8378563200,5/8/2016,2943,2.32999992370605,621,2685
847,8378563200,5/9/2016,8382,6.65000009536743,772,3721
848,8378563200,5/10/2016,6582,5.21999979019165,840,3586
849,8378563200,5/11/2016,9143,7.25,763,3788
850,8378563200,5/12/2016,4561,3.61999988555908,433,1976
851,8583815059,4/12/2016,5014,3.91000008583069,1237,2650
852,8583815059,4/13/2016,5571,4.34999990463257,1252,2654
853,8583815059,4/14/2016,3135,2.45000004768372,1306,2443
854,8583815059,4/15/2016,3430,2.6800000667572,1375,2505
855,8583815059,4/16/2016,5319,4.15000009536743,1440,2693
856,8583815059,4/17/2016,3008,2.34999990463257,1440,2439
857,8583815059,4/18/2016,3864,3.00999999046326,1309,2536
858,8583815059,4/19/2016,5697,4.44000005722046,1257,2668
859,8583815059,4/20/2016,5273,4.1100001335144,1246,2647
860,8583815059,4/21/2016,8538,6.65999984741211,1229,2883
861,8583815059,4/22/2016,8687,6.78000020980835,1170,2944
862,8583815059,4/23/2016,9423,7.34999990463257,1151,3012
863,8583815059,4/24/2016,8286,6.46000003814697,1188,2889
864,8583815059,4/25/2016,4503,3.50999999046326,1294,2547
865,8583815059,4/26/2016,10499,8.1899995803833,1134,3093
866,8583815059,4/27/2016,12474,9.72999954223633,1229,3142
867,8583815059,4/28/2016,6174,4.82000017166138,1209,2757
868,8583815059,4/29/2016,15168,11.8299999237061,1069,3513
869,8583815059,4/30/2016,10085,7.86999988555908,1093,3164
870,8583815059,5/1/2016,4512,3.51999998092651,1311,2596
871,8583815059,5/2/2016,8469,6.6100001335144,1440,2894
872,8583815059,5/3/2016,12015,9.36999988555908,1440,3212
873,8583815059,5/4/2016,3588,2.79999995231628,1440,2516
874,8583815059,5/5/2016,12427,9.6899995803833,1370,3266
875,8583815059,5/6/2016,5843,4.55999994277954,1250,2683
876,8583815059,5/7/2016,6117,4.76999998092651,1190,2810
877,8583815059,5/8/2016,9217,7.19000005722046,1183,2940
878,8583815059,5/9/2016,9877,7.69999980926514,1260,2947
879,8583815059,5/10/2016,8240,6.42999982833862,1226,2846
880,8583815059,5/11/2016,8701,6.78999996185303,1106,2804
881,8583815059,5/12/2016,0,0,1440,0
882,8792009665,4/12/2016,2564,1.63999998569489,831,2044
883,8792009665,4/13/2016,1320,0.839999973773956,806,1934
884,8792009665,4/14/2016,1219,0.779999971389771,853,1963
885,8792009665,4/15/2016,2483,1.5900000333786,937,2009
886,8792009665,4/16/2016,244,0.159999996423721,1428,1721
887,8792009665,4/17/2016,0,0,1440,1688
888,8792009665,4/18/2016,0,0,1440,1688
889,8792009665,4/19/2016,0,0,1440,1688
890,8792009665,4/20/2016,3147,2.00999999046326,744,2188
891,8792009665,4/21/2016,144,0.0900000035762787,1431,1720
892,8792009665,4/22/2016,4068,2.59999990463257,817,2419
893,8792009665,4/23/2016,5245,3.35999989509583,795,2748
894,8792009665,4/24/2016,400,0.259999990463257,1410,1799
895,8792009665,4/25/2016,0,0,1440,1688
896,8792009665,4/26/2016,1321,0.850000023841858,1360,1928
897,8792009665,4/27/2016,1758,1.12999999523163,900,2067
898,8792009665,4/28/2016,6157,3.94000005722046,714,2780
899,8792009665,4/29/2016,8360,5.34999990463257,634,3101
900,8792009665,4/30/2016,7174,4.59000015258789,749,2896
901,8792009665,5/1/2016,1619,1.03999996185303,834,1962
902,8792009665,5/2/2016,1831,1.16999995708466,916,2015
903,8792009665,5/3/2016,2421,1.54999995231628,739,2297
904,8792009665,5/4/2016,2283,1.46000003814697,848,2067
905,8792009665,5/5/2016,0,0,1440,1688
906,8792009665,5/6/2016,0,0,1440,1688
907,8792009665,5/7/2016,0,0,1440,1688
908,8792009665,5/8/2016,0,0,1440,1688
909,8792009665,5/9/2016,0,0,1440,1688
910,8792009665,5/10/2016,0,0,48,57
911,8877689391,4/12/2016,23186,20.3999996185303,1036,3921
912,8877689391,4/13/2016,15337,9.57999992370605,1098,3566
913,8877689391,4/14/2016,21129,18.9799995422363,1061,3793
914,8877689391,4/15/2016,13422,7.17000007629395,1052,3934
915,8877689391,4/16/2016,29326,25.2900009155273,888,4547
916,8877689391,4/17/2016,15118,8.86999988555908,1060,3545
917,8877689391,4/18/2016,11423,8.67000007629395,1215,2761
918,8877689391,4/19/2016,18785,17.3999996185303,1131,3676
919,8877689391,4/20/2016,19948,18.1100006103516,1123,3679
920,8877689391,4/21/2016,19377,17.6200008392334,1119,3659
921,8877689391,4/22/2016,18258,16.3099994659424,1141,3427
922,8877689391,4/23/2016,11200,7.42999982833862,1032,3891
923,8877689391,4/24/2016,16674,15.7399997711182,1148,3455
924,8877689391,4/25/2016,12986,8.73999977111816,1101,3802
925,8877689391,4/26/2016,11101,8.43000030517578,1157,2860
926,8877689391,4/27/2016,23629,20.6499996185303,1104,3808
927,8877689391,4/28/2016,14890,11.3000001907349,1143,3060
928,8877689391,4/29/2016,9733,7.3899998664856,1207,2698
929,8877689391,4/30/2016,27745,26.7199993133545,1089,4398
930,8877689391,5/1/2016,10930,8.31999969482422,1226,2786
931,8877689391,5/2/2016,4790,3.64000010490417,1335,2189
932,8877689391,5/3/2016,10818,8.21000003814697,1189,2817
933,8877689391,5/4/2016,18193,16.2999992370605,1154,3477
934,8877689391,5/5/2016,14055,10.6700000762939,1170,3052
935,8877689391,5/6/2016,21727,19.3400001525879,1095,4015
936,8877689391,5/7/2016,12332,8.13000011444092,1036,4142
937,8877689391,5/8/2016,10686,8.10999965667725,1174,2847
938,8877689391,5/9/2016,20226,18.25,1131,3710
939,8877689391,5/10/2016,10733,8.14999961853027,1187,2832
940,8877689391,5/11/2016,21420,19.5599994659424,1127,3832
941,8877689391,5/12/2016,8064,6.11999988555908,770,1849
